<?xml version="1.0" encoding="UTF-8"?>
<beans xmlns="http://www.springframework.org/schema/beans"
	xmlns:xsi="http://www.w3.org/2001/XMLSchema-instance"
	xsi:schemaLocation="http://www.springframework.org/schema/beans http://www.springframework.org/schema/beans/spring-beans-2.0.xsd">
	<bean class="common.LoggerAdvice" id="loggerAdvice"/> 
	<bean class="org.springframework.aop.framework.autoproxy.BeanNameAutoProxyCreator">
	  <property name="interceptorNames">
	   <list>
	    <value>loggerAdvice</value>
	   </list>
	  </property>
	  <property name="beanNames">
	   <list>
	   	<value>*Service,*Action,*DAO</value>
	   </list>
	  </property>
	</bean>
	
	</beans> 