<?xml version="1.0" encoding="UTF-8"?>
<beans xmlns="http://www.springframework.org/schema/beans"
    xmlns:xsi="http://www.w3.org/2001/XMLSchema-instance" 
    xmlns:context="http://www.springframework.org/schema/context"
    xmlns:aop="http://www.springframework.org/schema/aop"
    xmlns:tx="http://www.springframework.org/schema/tx"
    xsi:schemaLocation="
            http://www.springframework.org/schema/beans http://www.springframework.org/schema/beans/spring-beans-2.5.xsd
            http://www.springframework.org/schema/aop http://www.springframework.org/schema/aop/spring-aop-2.5.xsd
            http://www.springframework.org/schema/tx http://www.springframework.org/schema/tx/spring-tx-2.5.xsd
            http://www.springframework.org/schema/context http://www.springframework.org/schema/context/spring-context-2.5.xsd">
    <context:component-scan base-package="service" />
	<context:component-scan base-package="dao" />  
	<bean id="sessionFactory"
		class="org.springframework.orm.hibernate3.LocalSessionFactoryBean">
		<property name="configLocation" value="classpath:hibernate.cfg.xml">
		</property>
	</bean>
	<bean id="transactionManager"
		class="org.springframework.orm.hibernate3.HibernateTransactionManager">
		<property name="sessionFactory">
			<ref local="sessionFactory" />
		</property>
	</bean>

	<bean id="transactionInterceptor" class="org.springframework.transaction.interceptor.TransactionInterceptor">
		<!--  事务拦截器bean需要依赖注入一个事务管理器 -->
		<property name="transactionManager" ref="transactionManager" />
		<property name="transactionAttributes">
			<!--  下面定义事务传播属性-->
			<props>
				<prop key="save*">PROPAGATION_REQUIRED</prop>
				<prop key="delete*">PROPAGATION_REQUIRED</prop>
				<prop key="update*">PROPAGATION_REQUIRED</prop>
				<prop key="attachDirty*">PROPAGATION_REQUIRED</prop>
				<prop key="getNext*">PROPAGATION_REQUIRES_NEW</prop>
				<prop key="find*">PROPAGATION_REQUIRED,readOnly</prop>
			</props>
		</property>
	</bean>
	<!-- 权限管理bean -->
	<bean id="authorityInterceptor" class="common.AuthorityInterceptor" >
	<property name="methodList">
		<!-- 需要管理的service的方法-->
		<list>
			<value>save</value>
			<value>attachDirty</value>
			<value>delete</value>
			<value>update</value>
		</list>
	</property>
	</bean>
	<!-- 定义BeanNameAutoProxyCreator-->
	<bean class="org.springframework.aop.framework.autoproxy.BeanNameAutoProxyCreator">
		<!--  指定对满足哪些bean name的bean自动生成业务代理 -->
		<property name="beanNames">
			<value>*Service</value>
		</property>
		<property name="interceptorNames">
			<list>
				<value>transactionInterceptor</value>
				<value>authorityInterceptor</value>
			</list>
		</property>
	</bean>
	<!-- DAO -->
	<bean id="commonDAO" class="common.dao.CommonDAO" autowire="byName"/>
	</beans>	