<?xml version='1.0' encoding='UTF-8'?>
<!DOCTYPE hibernate-configuration PUBLIC
          "-//Hibernate/Hibernate Configuration DTD 3.0//EN"
          "http://hibernate.sourceforge.net/hibernate-configuration-3.0.dtd">

<!-- Generated by MyEclipse Hibernate Tools.                   -->
<hibernate-configuration>

	<session-factory>
		<property name="myeclipse.connection.profile"></property>
		<property name="dialect">org.hibernate.dialect.SQLServerDialect</property>
		<property name="show_sql">true</property>
		<property name="hibernate.hbm2ddl.auto">update</property>
		<property name="hibernate.jdbc.batch_size">20</property>
		<property name="connection.autocommit">false</property>
		<property name="connection.url">jdbc:sqlserver://127.0.0.1:1433;databaseName=WebSiteCheckDB</property>
		<property name="connection.username">sa</property>
		<property name="connection.password">86itsec</property>
		<property name="connection.driver_class">
			com.microsoft.sqlserver.jdbc.SQLServerDriver
		</property>
		<property name="hibernate.connection.provider_class">
			org.hibernate.connection.C3P0ConnectionProvider
		</property>
		<property name="c3p0.min_size">1</property>
		<property name="c3p0.max_size">20</property>
		<property name="c3p0.time_out">1000</property><!-- seconds --><!-- default: 0 -->
		<property name="c3p0.max_statement">50</property>
		<property name="c3p0.acquire_increment">5</property>
		<property name="c3p0.update">true</property>

		
		<mapping resource="dao/generated/Information.hbm.xml" />
		<mapping resource="dao/generated/Project.hbm.xml" />
		<mapping resource="dao/generated/TabInformationSource.hbm.xml" />
		<mapping resource="dao/generated/TextInfo.hbm.xml"/>
		<mapping resource="dao/generated/Managers.hbm.xml" />
		<mapping resource="dao/generated/SiteTimeWords.hbm.xml" />
	</session-factory>

</hibernate-configuration>