<?xml version="1.0" encoding="UTF-8"?>
<!DOCTYPE hibernate-reverse-engineering PUBLIC "-//Hibernate/Hibernate Reverse Engineering DTD 3.0//EN" "http://hibernate.sourceforge.net/hibernate-reverse-engineering-3.0.dtd" >

<hibernate-reverse-engineering>
	<table name="TASK" schema="FINFIN">
		<primary-key>
			<key-column name="TASK_ID" type="java.lang.Integer" />
		</primary-key>
		<column name="USER_ID" type="java.lang.Integer"></column>
		<column name="STATE" type="java.lang.Integer"></column>
	</table>
	<table name="SEARCH_RESULT" schema="FIN">
		<primary-key>
			<key-column name="RESULT_ID" type="java.lang.Integer" />
		</primary-key>
		<column name="TASK_ID" type="java.lang.Integer"></column>
		<column name="PARTICULARS_ID" type="java.lang.Integer"></column>
	</table>
	<table name="TASK_PARTICULARS" schema="FIN">
		<primary-key>
			<key-column name="PARTICULARS_ID" type="java.lang.Integer" />
		</primary-key>
		<column name="TASK_ID" type="java.lang.Integer"></column>
		<column name="KEYS_ID" type="java.lang.Integer"></column>
		<column name="WEBSITE_ID" type="java.lang.Integer"></column>
	</table>
</hibernate-reverse-engineering>