<?xml version="1.0" encoding="utf-8"?>
<!DOCTYPE hibernate-mapping PUBLIC "-//Hibernate/Hibernate Mapping DTD 3.0//EN"
"http://hibernate.sourceforge.net/hibernate-mapping-3.0.dtd">
<!-- 
    Mapping file autogenerated by MyEclipse Persistence Tools
-->
<hibernate-mapping>
    <class name="dao.generated.Information" table="information" schema="dbo" catalog="WebSiteCheckDB">
        <id name="id" type="java.lang.String">
            <column name="id" length="50" />
            <generator class="guid" />
        </id>
        <property name="url" type="java.lang.String">
            <column name="url" length="500" />
        </property>
        <property name="title" type="java.lang.String">
            <column name="title" length="200" />
        </property>
        <property name="texttitle" type="java.lang.String">
            <column name="texttitle" length="2000" />
        </property>
        <property name="textAddress" type="java.lang.String">
            <column name="textAddress" length="200" />
        </property>
        <property name="websiteAddress" type="java.lang.String">
            <column name="websiteAddress" length="200" />
        </property>
        <property name="textContent" type="java.lang.String">
            <column name="textContent" />
        </property>
        <property name="refreshTime" type="java.sql.Timestamp">
            <column name="refreshTime" length="23" />
        </property>
        <property name="isCheck" type="java.lang.Integer">
            <column name="isCheck" />
        </property>
        <property name="checkSubmit" type="java.lang.String">
            <column name="checkSubmit" length="200" />
        </property>
        <property name="submissionTime" type="java.sql.Timestamp">
            <column name="submissionTime" length="23" />
        </property>
        <property name="reprintCount" type="java.lang.String">
            <column name="ReprintCount" length="50" />
        </property>
        <property name="participateCount" type="java.lang.String">
            <column name="ParticipateCount" length="50" />
        </property>
        <property name="commentCount" type="java.lang.String">
            <column name="CommentCount" length="50" />
        </property>
        <property name="threadCount" type="java.lang.String">
            <column name="ThreadCount" length="50" />
        </property>
        <property name="browseCount" type="java.lang.String">
            <column name="BrowseCount" length="50" />
        </property>
        <property name="sitename" type="java.lang.String">
            <column name="sitename" length="2000" />
        </property>
        <property name="projectId" type="java.lang.String">
            <column name="projectID" length="50" />
        </property>
        <property name="publishTime" type="java.sql.Timestamp">
            <column name="PublishTime" length="23" />
        </property>
        <property name="getTime" type="java.sql.Timestamp">
            <column name="GetTime" length="23" />
        </property>
    </class>
</hibernate-mapping>
