<?xml version="1.0" encoding="utf-8"?>
<!DOCTYPE hibernate-mapping PUBLIC "-//Hibernate/Hibernate Mapping DTD 3.0//EN"
"http://hibernate.sourceforge.net/hibernate-mapping-3.0.dtd">
<!-- 
    Mapping file autogenerated by MyEclipse Persistence Tools
-->
<hibernate-mapping>
    <class name="dao.generated.Managers" table="Managers" schema="dbo" catalog="WebSiteCheckDB">
        <id name="id" type="java.lang.String">
            <column name="id" length="50" />
            <generator class="guid" />
        </id>
        <property name="projectName" type="java.lang.String">
            <column name="projectName" length="100" />
        </property>
        <property name="conditionalExpression" type="java.lang.String">
            <column name="conditionalExpression" length="500" />
        </property>
        <property name="creationTime" type="java.sql.Timestamp">
            <column name="creationTime" length="23" />
        </property>
        <property name="creatorId" type="java.lang.String">
            <column name="creatorId" length="50" />
        </property>
        <property name="startTime" type="java.sql.Timestamp">
            <column name="StartTime" length="23" />
        </property>
        <property name="endTime" type="java.sql.Timestamp">
            <column name="EndTime" length="23" />
        </property>
        <property name="createUserName" type="java.lang.String">
            <column name="CreateUserName" />
        </property>
        <property name="updateUserId" type="java.lang.String">
            <column name="UpdateUserID" length="50" />
        </property>
        <property name="updateUserName" type="java.lang.String">
            <column name="UpdateUserName" />
        </property>
        <property name="updateDate" type="java.sql.Timestamp">
            <column name="UpdateDate" length="23" />
        </property>
    </class>
</hibernate-mapping>
