<?xml version="1.0" encoding="utf-8"?>
<!DOCTYPE hibernate-mapping PUBLIC "-//Hibernate/Hibernate Mapping DTD 3.0//EN"
"http://hibernate.sourceforge.net/hibernate-mapping-3.0.dtd">
<!-- 
    Mapping file autogenerated by MyEclipse Persistence Tools
-->
<hibernate-mapping>
    <class name="dao.generated.PostInformation" table="post_information">
        <id name="id" type="java.lang.Integer">
            <column name="id" />
            <generator class="identity" />
        </id>
        <property name="postId" type="java.lang.String">
            <column name="postId" length="150" not-null="true" />
        </property>
        <property name="type" type="java.lang.Integer">
            <column name="type" not-null="true" />
        </property>
        <property name="title" type="java.lang.String">
            <column name="title" length="512" not-null="true" />
        </property>
        <property name="textContent" type="java.lang.String">
            <column name="textContent" not-null="true" />
        </property>
        <property name="projectId" type="java.lang.String">
            <column name="projectId" length="50" not-null="true" />
        </property>
        <property name="publishTime" type="java.sql.Timestamp">
            <column name="publishTime" length="23" not-null="true" />
        </property>
        <property name="publishUser" type="java.lang.String">
            <column name="publishUser" length="250" />
        </property>
        <property name="publishIp" type="java.lang.String">
            <column name="publishIP" length="20" />
        </property>
        <property name="publishAdd" type="java.lang.String">
            <column name="publishAdd" length="50" />
        </property>
        <property name="publishSource" type="java.lang.String">
            <column name="publishSource" length="200" not-null="true" />
        </property>
        <property name="informationId" type="java.lang.String">
            <column name="informationID" length="50" not-null="true" />
        </property>
        <property name="url" type="java.lang.String">
            <column name="url" length="500" not-null="true" />
        </property>
        <property name="replies" type="java.lang.Integer">
            <column name="replies" />
        </property>
        <property name="clicks" type="java.lang.Integer">
            <column name="clicks" />
        </property>
        <property name="transmit" type="java.lang.Integer">
            <column name="transmit" />
        </property>
        <property name="getTime" type="java.sql.Timestamp">
            <column name="getTime" length="23" not-null="true" />
        </property>
        <property name="checkState" type="java.lang.String">
            <column name="checkState" length="1" />
        </property>
        <property name="fristReader" type="java.lang.Integer">
            <column name="fristReader" />
        </property>
        <property name="lastReader" type="java.lang.Integer">
            <column name="lastReader" />
        </property>
        <property name="level" type="java.lang.Integer">
            <column name="level" />
        </property>
        <property name="hot" type="java.lang.Integer">
            <column name="hot" />
        </property>
    </class>
</hibernate-mapping>
