<?xml version="1.0" encoding="utf-8"?>
<!DOCTYPE hibernate-mapping PUBLIC "-//Hibernate/Hibernate Mapping DTD 3.0//EN"
"http://hibernate.sourceforge.net/hibernate-mapping-3.0.dtd">
<!-- 
    Mapping file autogenerated by MyEclipse Persistence Tools
-->
<hibernate-mapping>
    <class name="dao.generated.Project" table="project">
        <id name="id" type="java.lang.String">
            <column name="id" length="50" />
            <generator class="guid" />
        </id>
        <property name="projectName" type="java.lang.String">
            <column name="projectName" length="100" />
        </property>
          <property name="projectFather" type="java.lang.String">
            <column name="projectFather" length="100" />
        </property>
        <property name="conditionalExpression" type="java.lang.String">
            <column name="conditionalExpression" length="500" />
        </property>
        <property name="creationTime" type="java.sql.Timestamp">
            <column name="creationTime" length="23" />
        </property>
        <property name="creatorId" type="java.lang.String">
            <column name="creatorId" length="50" />
        </property>
        <property name="limitedWebSite" type="java.lang.Integer">
            <column name="limitedWebSite" />
        </property>
    </class>
</hibernate-mapping>
