<?xml version="1.0" encoding="utf-8"?>
<!DOCTYPE hibernate-mapping PUBLIC "-//Hibernate/Hibernate Mapping DTD 3.0//EN"
"http://hibernate.sourceforge.net/hibernate-mapping-3.0.dtd">
<!-- 
    Mapping file autogenerated by MyEclipse Persistence Tools
-->
<hibernate-mapping>
    <class name="dao.generated.SiteTimeWords" table="SiteTimeWords" schema="dbo" catalog="WebSiteCheckDB">
        <id name="id" type="java.lang.Integer">
            <column name="id" />
            <generator class="assigned" />
        </id>
        <property name="site" type="java.lang.String">
            <column name="site" length="50" />
        </property>
        <property name="timeword1" type="java.lang.String">
            <column name="timeword1" length="50" />
        </property>
        <property name="timeword2" type="java.lang.String">
            <column name="timeword2" length="50" />
        </property>
        <property name="timeword3" type="java.lang.String">
            <column name="timeword3" length="50" />
        </property>
    </class>
</hibernate-mapping>
