<?xml version="1.0" encoding="utf-8"?>
<!DOCTYPE hibernate-mapping PUBLIC "-//Hibernate/Hibernate Mapping DTD 3.0//EN"
"http://hibernate.sourceforge.net/hibernate-mapping-3.0.dtd">
<!-- 
    Mapping file autogenerated by MyEclipse Persistence Tools
-->
<hibernate-mapping>
    <class name="dao.generated.TabInformationSource" table="tab_information_source">
        <id name="id" type="java.lang.String">
            <column name="id" length="50" />
            <generator class="guid" />
        </id>
        <property name="url" type="java.lang.String">
            <column name="url" length="500" />
        </property>
        <property name="siteName" type="java.lang.String">
            <column name="siteName" length="200" />
        </property>
        <property name="state" type="java.lang.Integer">
            <column name="state" />
        </property>
        <property name="priority" type="java.lang.Integer">
            <column name="priority" />
        </property>
        <property name="creationTime" type="java.sql.Timestamp">
            <column name="creationTime" length="23" />
        </property>
        <property name="refreshTime" type="java.sql.Timestamp">
            <column name="refreshTime" length="23" />
        </property>
        <property name="updateCycle" type="java.lang.Integer">
            <column name="updateCycle" />
        </property>
        <property name="creatorId" type="java.lang.String">
            <column name="creatorId" length="50" />
        </property>
        <property name="limitProject" type="java.lang.Integer">
            <column name="LimitProject" />
        </property>
        <property name="limitSearch" type="java.lang.Integer">
            <column name="limitSearch" />
        </property>
        <property name="keyword" type="java.lang.String">
            <column name="keyword" />
        </property>
    </class>
</hibernate-mapping>
