<?xml version="1.0" encoding="utf-8"?>
<!DOCTYPE hibernate-mapping PUBLIC "-//Hibernate/Hibernate Mapping DTD 3.0//EN"
                                   "http://hibernate.sourceforge.net/hibernate-mapping-3.0.dtd">
<!-- 
    Mapping file autogenerated by MyEclipse Persistence Tools
-->
<hibernate-mapping>
 <class catalog="WebSiteCheckDB" name="dao.generated.TsNews"
  schema="dbo" table="Ts_News">
  <id name="newsId" type="java.lang.String">
   <column length="50" name="NewsID"/>
   <generator class="increment"/>
  </id>
  <property generated="never" lazy="false" name="typeId" type="java.lang.String">
   <column length="50" name="TypeID" not-null="true"/>
  </property>
  <property generated="never" lazy="false" name="newsTitle" type="java.lang.String">
   <column name="NewsTitle" not-null="true"/>
  </property>
  <property generated="never" lazy="false" name="contents" type="java.lang.String">
   <column name="Contents"/>
  </property>
  <property generated="never" lazy="false" name="mainPic" type="java.lang.String">
   <column length="500" name="MainPic"/>
  </property>
  <property generated="never" lazy="false" name="clickNum" type="java.lang.Integer">
   <column name="ClickNum"/>
  </property>
  <property generated="never" lazy="false" name="state" type="java.lang.String">
   <column length="1" name="State" not-null="true"/>
  </property>
  <property generated="never" lazy="false" name="isTop" type="java.lang.Boolean">
   <column name="IsTop" not-null="true"/>
  </property>
  <property generated="never" lazy="false" name="isDiscuss" type="java.lang.Boolean">
   <column name="IsDiscuss" not-null="true"/>
  </property>
  <property generated="never" lazy="false" name="isPic" type="java.lang.Boolean">
   <column name="IsPic" not-null="true"/>
  </property>
  <property generated="never" lazy="false" name="numPic" type="java.lang.Integer">
   <column name="NumPic" not-null="true"/>
  </property>
  <property generated="never" lazy="false" name="numDiscuss" type="java.lang.Integer">
   <column name="NumDiscuss" not-null="true"/>
  </property>
  <property generated="never" lazy="false" name="createUserId" type="java.lang.String">
   <column length="50" name="CreateUserID" not-null="true"/>
  </property>
  <property generated="never" lazy="false" name="createUserName" type="java.lang.String">
   <column name="CreateUserName" not-null="true"/>
  </property>
  <property generated="never" lazy="false" name="createDate" type="java.sql.Timestamp">
   <column length="23" name="CreateDate" not-null="true"/>
  </property>
  <property generated="never" lazy="false" name="updateUserId" type="java.lang.String">
   <column length="50" name="UpdateUserID"/>
  </property>
  <property generated="never" lazy="false" name="updateUserName" type="java.lang.String">
   <column name="UpdateUserName"/>
  </property>
  <property generated="never" lazy="false" name="updateDate" type="java.sql.Timestamp">
   <column length="23" name="UpdateDate"/>
  </property>
 </class>
</hibernate-mapping>
